{
  "project_info": {
    "project_number": "186033240751",
    "firebase_url": "https://jfb-19-default-rtdb.firebaseio.com",
    "project_id": "jfb-19",
    "storage_bucket": "jfb-19.appspot.com"
  },
  "client": [
    {
      "client_info": {
        "mobilesdk_app_id": "1:186033240751:android:ef84a761234ef37a14f25a",
        "android_client_info": {
          "package_name": "com.example.database"
        }
      },
      "oauth_client": [],
      "api_key": [
        {
          "current_key": "AIzaSyCF-6a-CCmT7VkrrUzzlJmZUy08SET-Dow"
        }
      ],
      "services": {
        "appinvite_service": {
          "other_platform_oauth_client": []
        }
      }
    },
    {
      "client_info": {
        "mobilesdk_app_id": "1:186033240751:android:79dab4e7087078a114f25a",
        "android_client_info": {
          "package_name": "com.example.he"
        }
      },
      "oauth_client": [],
      "api_key": [
        {
          "current_key": "AIzaSyCF-6a-CCmT7VkrrUzzlJmZUy08SET-Dow"
        }
      ],
      "services": {
        "appinvite_service": {
          "other_platform_oauth_client": []
        }
      }
    },
    {
      "client_info": {
        "mobilesdk_app_id": "1:186033240751:android:0917e23c87863d8f14f25a",
        "android_client_info": {
          "package_name": "com.example.login_signup"
        }
      },
      "oauth_client": [],
      "api_key": [
        {
          "current_key": "AIzaSyCF-6a-CCmT7VkrrUzzlJmZUy08SET-Dow"
        }
      ],
      "services": {
        "appinvite_service": {
          "other_platform_oauth_client": []
        }
      }
    }
  ],
  "configuration_version": "1"
}